candidate_id,url,brand,series,core_cluster,parent_url,source_file,title,description,body_nonspace_chars,faq_count,parent_inlink,internal_link_check,release_status,build_status
B0-0293,/บริการ/รับซื้อกล้อง-canon-eos-r-series-อุบล/,Canon,Canon EOS R Series,camera,/บริการ/รับซื้อกล้อง-canon-อุบล/,src/content/services/canon-eos-r-series-ubon.md,รับซื้อ Canon EOS R Series อุบล กล้อง Mirrorless มือสอง,รับซื้อ Canon EOS R Series มือสองในอุบลราชธานี ประเมินตามรุ่น จำนวนชัตเตอร์ สภาพเซนเซอร์ เมาท์ RF จอ EVF ระบบโฟกัส วิดีโอ แบตเตอรี่ และอุปกรณ์,2596,5,PASS,PASS,RELEASED_SOURCE,NOT_REVERIFIED_ENVIRONMENT
B0-0296,/บริการ/รับซื้อกล้อง-fujifilm-x-series-อุบล/,Fujifilm,Fujifilm X Series,camera,/บริการ/รับซื้อกล้อง-fujifilm-อุบล/,src/content/services/fujifilm-x-series-ubon.md,รับซื้อ Fujifilm X Series อุบล กล้องมือสอง,รับซื้อกล้อง Fujifilm X Series มือสองในอุบลราชธานี ประเมินตามรุ่น จำนวนชัตเตอร์ สภาพเซนเซอร์ X-mount จอ EVF ปุ่มหมุน ระบบโฟกัส แบตเตอรี่ และเลนส์,2596,5,PASS,PASS,RELEASED_SOURCE,NOT_REVERIFIED_ENVIRONMENT
B0-0290,/บริการ/รับซื้อกล้อง-sony-a7-series-อุบล/,Sony,Sony A7 Series,camera,/บริการ/รับซื้อกล้อง-sony-อุบล/,src/content/services/sony-a7-series-ubon.md,รับซื้อ Sony A7 Series อุบล กล้อง Full-frame มือสอง,"รับซื้อกล้อง Sony A7 Series มือสองในอุบลราชธานี ประเมิน A7, A7R, A7S, A7C ตามรุ่น จำนวนชัตเตอร์ สภาพเซนเซอร์ จอ EVF ระบบกันสั่น เมาท์ และอุปกรณ์",2609,5,PASS,PASS,RELEASED_SOURCE,NOT_REVERIFIED_ENVIRONMENT
B0-0292,/บริการ/รับซื้อกล้อง-sony-zv-series-อุบล/,Sony,Sony ZV Series,camera,/บริการ/รับซื้อกล้อง-sony-อุบล/,src/content/services/sony-zv-series-ubon.md,รับซื้อ Sony ZV Series อุบล กล้อง Vlog มือสอง,รับซื้อ Sony ZV Series มือสองในอุบลราชธานี เช่น ZV-E และ ZV-1 Series ประเมินตามรุ่น สภาพจอพับ เลนส์/เมาท์ ระบบโฟกัส ไมค์ พอร์ต แบตเตอรี่ และอุปกรณ์,2613,5,PASS,PASS,RELEASED_SOURCE,NOT_REVERIFIED_ENVIRONMENT
B0-0251,/บริการ/รับซื้อ-asus-rog-อุบล/,ASUS,ASUS ROG,notebook,/บริการ/รับซื้อโน้ตบุ๊ก-asus-อุบล/,src/content/services/asus-rog-series-ubon.md,รับซื้อ ASUS ROG อุบลราชธานี โน้ตบุ๊กเกมมิ่งมือสอง,รับซื้อโน้ตบุ๊ก ASUS ROG มือสองในอุบลราชธานี ทั้ง ROG Zephyrus และ ROG Strix ประเมินตามรุ่น CPU GPU RAM SSD สภาพจอ ความร้อน แบตเตอรี่ และ Adapter,2689,5,PASS,PASS,RELEASED_SOURCE,NOT_REVERIFIED_ENVIRONMENT
B0-0252,/บริการ/รับซื้อ-asus-tuf-อุบล/,ASUS,ASUS TUF Gaming,notebook,/บริการ/รับซื้อโน้ตบุ๊ก-asus-อุบล/,src/content/services/asus-tuf-series-ubon.md,รับซื้อ ASUS TUF Gaming อุบล โน้ตบุ๊กเกมมิ่งมือสอง,รับซื้อ ASUS TUF Gaming มือสองในอุบลราชธานี ประเมิน TUF A/F Series ตาม CPU GPU RAM SSD สภาพบานพับ จอ พัดลม อุณหภูมิ แบตเตอรี่ และ Adapter,2586,5,PASS,PASS,RELEASED_SOURCE,NOT_REVERIFIED_ENVIRONMENT
B0-0253,/บริการ/รับซื้อ-asus-vivobook-อุบล/,ASUS,ASUS Vivobook,notebook,/บริการ/รับซื้อโน้ตบุ๊ก-asus-อุบล/,src/content/services/asus-vivobook-series-ubon.md,รับซื้อ ASUS Vivobook อุบล โน้ตบุ๊กมือสองประเมินตามสเปก,"รับซื้อ ASUS Vivobook มือสองในอุบลราชธานี ทั้ง Vivobook 14, 15, 16 และรุ่น OLED ประเมินตาม CPU RAM SSD สภาพจอ แบตเตอรี่ คีย์บอร์ด และอุปกรณ์",2609,5,PASS,PASS,RELEASED_SOURCE,NOT_REVERIFIED_ENVIRONMENT
B0-0256,/บริการ/รับซื้อ-acer-nitro-อุบล/,Acer,Acer Nitro,notebook,/บริการ/รับซื้อโน้ตบุ๊ก-acer-อุบล/,src/content/services/acer-nitro-series-ubon.md,รับซื้อ Acer Nitro อุบล โน้ตบุ๊กเกมมิ่งมือสอง,"รับซื้อ Acer Nitro มือสองในอุบลราชธานี เช่น Nitro 5, Nitro V และ Nitro 16 ประเมินตาม CPU GPU RAM SSD จอ สภาพบานพับ ระบบระบายความร้อน และ Adapter",2567,5,PASS,PASS,RELEASED_SOURCE,NOT_REVERIFIED_ENVIRONMENT
B0-0272,/บริการ/รับซื้อ-dell-latitude-อุบล/,Dell,Dell Latitude,notebook,/บริการ/รับซื้อโน้ตบุ๊ก-dell-อุบล/,src/content/services/dell-latitude-series-ubon.md,รับซื้อ Dell Latitude อุบล โน้ตบุ๊กธุรกิจมือสอง,รับซื้อ Dell Latitude มือสองในอุบลราชธานี ประเมินตาม Service Tag รุ่น CPU RAM SSD แบตเตอรี่ จอ คีย์บอร์ด พอร์ต สถานะ BIOS และอุปกรณ์,2636,5,PASS,PASS,RELEASED_SOURCE,NOT_REVERIFIED_ENVIRONMENT
B0-0266,/บริการ/รับซื้อ-hp-victus-อุบล/,HP,HP Victus,notebook,/บริการ/รับซื้อโน้ตบุ๊ก-hp-อุบล/,src/content/services/hp-victus-series-ubon.md,รับซื้อ HP Victus อุบล โน้ตบุ๊กเกมมิ่งมือสอง,รับซื้อ HP Victus มือสองในอุบลราชธานี ประเมินตาม CPU GPU RAM SSD ขนาดจอ สภาพฝาและบานพับ อุณหภูมิ แบตเตอรี่ และ Adapter,2535,5,PASS,PASS,RELEASED_SOURCE,NOT_REVERIFIED_ENVIRONMENT
B0-0262,/บริการ/รับซื้อ-lenovo-loq-อุบล/,Lenovo,Lenovo LOQ,notebook,/บริการ/รับซื้อโน้ตบุ๊ก-lenovo-อุบล/,src/content/services/lenovo-loq-series-ubon.md,รับซื้อ Lenovo LOQ อุบล โน้ตบุ๊กเกมมิ่งมือสอง,รับซื้อ Lenovo LOQ มือสองในอุบลราชธานี ประเมินตาม CPU GPU RAM SSD จอ แบตเตอรี่ ระบบระบายความร้อน สภาพบอดี้ และ Adapter,2572,5,PASS,PASS,RELEASED_SOURCE,NOT_REVERIFIED_ENVIRONMENT
B0-0261,/บริการ/รับซื้อ-lenovo-legion-อุบล/,Lenovo,Lenovo Legion,notebook,/บริการ/รับซื้อโน้ตบุ๊ก-lenovo-อุบล/,src/content/services/lenovo-legion-series-ubon.md,รับซื้อ Lenovo Legion อุบล โน้ตบุ๊กเกมมิ่งมือสอง,รับซื้อ Lenovo Legion มือสองในอุบลราชธานี ประเมินตามรุ่น CPU GPU RAM SSD จอ ระบบระบายความร้อน แบตเตอรี่ Adapter และประกันคงเหลือ,2623,5,PASS,PASS,RELEASED_SOURCE,NOT_REVERIFIED_ENVIRONMENT
B0-0263,/บริการ/รับซื้อ-lenovo-thinkpad-อุบล/,Lenovo,Lenovo ThinkPad,notebook,/บริการ/รับซื้อโน้ตบุ๊ก-lenovo-อุบล/,src/content/services/lenovo-thinkpad-series-ubon.md,รับซื้อ Lenovo ThinkPad อุบล โน้ตบุ๊กธุรกิจมือสอง,"รับซื้อ Lenovo ThinkPad มือสองในอุบลราชธานี ทั้ง T, X, L, E และ P Series ประเมินตามรุ่น CPU RAM SSD แบตเตอรี่ จอ คีย์บอร์ด BIOS และสถานะเครื่ององค์กร",2642,5,PASS,PASS,RELEASED_SOURCE,NOT_REVERIFIED_ENVIRONMENT
B0-0278,/บริการ/รับซื้อ-msi-katana-อุบล/,MSI,MSI Katana,notebook,/บริการ/รับซื้อโน้ตบุ๊ก-msi-อุบล/,src/content/services/msi-katana-series-ubon.md,รับซื้อ MSI Katana อุบล โน้ตบุ๊กเกมมิ่งมือสอง,รับซื้อ MSI Katana มือสองในอุบลราชธานี ประเมินตามรุ่น CPU GPU RAM SSD จอ คีย์บอร์ด บานพับ ระบบระบายความร้อน แบตเตอรี่ และ Adapter,2583,5,PASS,PASS,RELEASED_SOURCE,NOT_REVERIFIED_ENVIRONMENT
B0-0289,/บริการ/รับซื้อ-radeon-rx-7000-series-อุบล/,AMD,AMD Radeon RX 7000 Series,pc_hardware,/บริการ/รับซื้อการ์ดจอ-อุบล/,src/content/services/radeon-rx7000-series-ubon.md,รับซื้อ Radeon RX 7000 Series อุบล การ์ดจอ AMD มือสอง,รับซื้อ AMD Radeon RX 7000 Series มือสองในอุบลราชธานี ประเมินตามรุ่น VRAM แบรนด์ย่อย สภาพพัดลม อุณหภูมิ Hotspot พอร์ต ประกัน Serial และผลทดสอบ,2613,5,PASS,PASS,RELEASED_SOURCE,NOT_REVERIFIED_ENVIRONMENT
B0-0286,/บริการ/รับซื้อ-rtx-30-series-อุบล/,NVIDIA,NVIDIA RTX 30 Series,pc_hardware,/บริการ/รับซื้อ-rtx-อุบล/,src/content/services/rtx-30-series-ubon.md,รับซื้อ RTX 30 Series อุบล การ์ดจอ NVIDIA มือสอง,"รับซื้อ NVIDIA GeForce RTX 30 Series มือสองในอุบลราชธานี เช่น 3090, 3080, 3070, 3060 และ 3050 ประเมินตาม VRAM สภาพพัดลม อุณหภูมิ ประวัติใช้งาน และประกัน",2598,5,PASS,PASS,RELEASED_SOURCE,NOT_REVERIFIED_ENVIRONMENT
B0-0285,/บริการ/รับซื้อ-rtx-40-series-อุบล/,NVIDIA,NVIDIA RTX 40 Series,pc_hardware,/บริการ/รับซื้อ-rtx-อุบล/,src/content/services/rtx-40-series-ubon.md,รับซื้อ RTX 40 Series อุบล การ์ดจอ NVIDIA มือสอง,รับซื้อ NVIDIA GeForce RTX 40 Series มือสองในอุบลราชธานี ตั้งแต่กลุ่ม 4060 ถึง 4090 ประเมินตามรุ่น VRAM แบรนด์ สภาพพัดลม อุณหภูมิ พอร์ต ประกัน และอุปกรณ์,2570,5,PASS,PASS,RELEASED_SOURCE,NOT_REVERIFIED_ENVIRONMENT
B0-0284,/บริการ/รับซื้อ-rtx-50-series-อุบล/,NVIDIA,NVIDIA RTX 50 Series,pc_hardware,/บริการ/รับซื้อ-rtx-อุบล/,src/content/services/rtx-50-series-ubon.md,รับซื้อ RTX 50 Series อุบล การ์ดจอ NVIDIA มือสอง,รับซื้อการ์ดจอ NVIDIA GeForce RTX 50 Series มือสองในอุบลราชธานี ประเมินตามรุ่น VRAM แบรนด์ย่อย สภาพพัดลม อุณหภูมิ ประกัน ซีเรียล กล่อง และผลทดสอบ,2587,5,PASS,PASS,RELEASED_SOURCE,NOT_REVERIFIED_ENVIRONMENT
