candidate_id,release_rank,series,brand,core_cluster,proposed_url,selection_decision,authorization_status,authorized_for_source_creation,authorized_for_deploy,blocking_reason,next_gate
B0-0291,1,Sony A6000 Series,Sony,camera,/บริการ/รับซื้อกล้อง-sony-a6000-series-อุบล/,RC_SELECTED_PENDING_W2A_OBSERVATION,NOT_AUTHORIZED_WAIT_FOR_W2A_OBSERVATION,NO,NO,W2A deployment not confirmed and GSC has 0 finalized post-release days.,"Confirm W2A production deployment, collect >=7 finalized GSC days, then rerun Batch 5 authorization."
B0-0297,2,Fujifilm X100 Series,Fujifilm,camera,/บริการ/รับซื้อกล้อง-fujifilm-x100-series-อุบล/,RC_SELECTED_PENDING_W2A_OBSERVATION,NOT_AUTHORIZED_WAIT_FOR_W2A_OBSERVATION,NO,NO,W2A deployment not confirmed and GSC has 0 finalized post-release days.,"Confirm W2A production deployment, collect >=7 finalized GSC days, then rerun Batch 5 authorization."
B0-0288,3,AMD Radeon RX 9000 Series,AMD,pc_hardware,/บริการ/รับซื้อ-radeon-rx-9000-series-อุบล/,RC_SELECTED_PENDING_W2A_OBSERVATION,NOT_AUTHORIZED_WAIT_FOR_W2A_OBSERVATION,NO,NO,W2A deployment not confirmed and GSC has 0 finalized post-release days.,"Confirm W2A production deployment, collect >=7 finalized GSC days, then rerun Batch 5 authorization."
B0-0254,4,ASUS Zenbook,ASUS,notebook,/บริการ/รับซื้อ-asus-zenbook-อุบล/,RC_SELECTED_PENDING_W2A_OBSERVATION,NOT_AUTHORIZED_WAIT_FOR_W2A_OBSERVATION,NO,NO,W2A deployment not confirmed and GSC has 0 finalized post-release days.,"Confirm W2A production deployment, collect >=7 finalized GSC days, then rerun Batch 5 authorization."
B0-0295,5,Nikon Z Series,Nikon,camera,/บริการ/รับซื้อกล้อง-nikon-z-series-อุบล/,RC_SELECTED_PENDING_W2A_OBSERVATION,NOT_AUTHORIZED_WAIT_FOR_W2A_OBSERVATION,NO,NO,W2A deployment not confirmed and GSC has 0 finalized post-release days.,"Confirm W2A production deployment, collect >=7 finalized GSC days, then rerun Batch 5 authorization."
B0-0257,6,Acer Predator,Acer,notebook,/บริการ/รับซื้อ-acer-predator-อุบล/,RC_SELECTED_PENDING_W2A_OBSERVATION,NOT_AUTHORIZED_WAIT_FOR_W2A_OBSERVATION,NO,NO,W2A deployment not confirmed and GSC has 0 finalized post-release days.,"Confirm W2A production deployment, collect >=7 finalized GSC days, then rerun Batch 5 authorization."
B0-0267,7,HP Omen,HP,notebook,/บริการ/รับซื้อ-hp-omen-อุบล/,RC_SELECTED_PENDING_W2A_OBSERVATION,NOT_AUTHORIZED_WAIT_FOR_W2A_OBSERVATION,NO,NO,W2A deployment not confirmed and GSC has 0 finalized post-release days.,"Confirm W2A production deployment, collect >=7 finalized GSC days, then rerun Batch 5 authorization."
B0-0274,8,Dell XPS,Dell,notebook,/บริการ/รับซื้อ-dell-xps-อุบล/,RC_SELECTED_PENDING_W2A_OBSERVATION,NOT_AUTHORIZED_WAIT_FOR_W2A_OBSERVATION,NO,NO,W2A deployment not confirmed and GSC has 0 finalized post-release days.,"Confirm W2A production deployment, collect >=7 finalized GSC days, then rerun Batch 5 authorization."
B0-0265,9,Lenovo Yoga,Lenovo,notebook,/บริการ/รับซื้อ-lenovo-yoga-อุบล/,RC_SELECTED_PENDING_W2A_OBSERVATION,NOT_AUTHORIZED_WAIT_FOR_W2A_OBSERVATION,NO,NO,W2A deployment not confirmed and GSC has 0 finalized post-release days.,"Confirm W2A production deployment, collect >=7 finalized GSC days, then rerun Batch 5 authorization."
B0-0279,10,MSI Cyborg,MSI,notebook,/บริการ/รับซื้อ-msi-cyborg-อุบล/,RC_SELECTED_PENDING_W2A_OBSERVATION,NOT_AUTHORIZED_WAIT_FOR_W2A_OBSERVATION,NO,NO,W2A deployment not confirmed and GSC has 0 finalized post-release days.,"Confirm W2A production deployment, collect >=7 finalized GSC days, then rerun Batch 5 authorization."
B0-0268,11,HP EliteBook,HP,notebook,/บริการ/รับซื้อ-hp-elitebook-อุบล/,RC_SELECTED_PENDING_W2A_OBSERVATION,NOT_AUTHORIZED_WAIT_FOR_W2A_OBSERVATION,NO,NO,W2A deployment not confirmed and GSC has 0 finalized post-release days.,"Confirm W2A production deployment, collect >=7 finalized GSC days, then rerun Batch 5 authorization."
B0-0264,12,Lenovo IdeaPad,Lenovo,notebook,/บริการ/รับซื้อ-lenovo-ideapad-อุบล/,RC_SELECTED_PENDING_W2A_OBSERVATION,NOT_AUTHORIZED_WAIT_FOR_W2A_OBSERVATION,NO,NO,W2A deployment not confirmed and GSC has 0 finalized post-release days.,"Confirm W2A production deployment, collect >=7 finalized GSC days, then rerun Batch 5 authorization."
B0-0258,,Acer Aspire,Acer,notebook,/บริการ/รับซื้อ-acer-aspire-อุบล/,HOLD_NEXT_WAVE,HOLD_NEXT_WAVE,NO,NO,Broad consumer family; lower differentiation and resale-value signal than Predator/Zenbook/Yoga. Hold until W2A/W2B winners establish demand.,Reassess after W2A/W2B evidence establishes demand.
B0-0259,,Acer Swift,Acer,notebook,/บริการ/รับซื้อ-acer-swift-อุบล/,HOLD_NEXT_WAVE,HOLD_NEXT_WAVE,NO,NO,Valid premium-light family but Acer parent GSC is weak and release would add three Acer series at once. Hold to avoid breadth before evidence.,Reassess after W2A/W2B evidence establishes demand.
B0-0275,,Dell G Series,Dell,notebook,/บริการ/รับซื้อ-dell-g-series-อุบล/,HOLD_NEXT_WAVE,HOLD_NEXT_WAVE,NO,NO,Gaming intent is valid but overlaps the broader gaming-notebook cluster; prioritize one Dell premium family (XPS) before adding another Dell series.,Reassess after W2A/W2B evidence establishes demand.
B0-0273,,Dell Inspiron,Dell,notebook,/บริการ/รับซื้อ-dell-inspiron-อุบล/,HOLD_NEXT_WAVE,HOLD_NEXT_WAVE,NO,NO,Very broad consumer intent with weaker unique valuation angle than XPS; hold until query/page evidence justifies a dedicated owner.,Reassess after W2A/W2B evidence establishes demand.
B0-0269,,HP ProBook,HP,notebook,/บริการ/รับซื้อ-hp-probook-อุบล/,HOLD_NEXT_WAVE,HOLD_NEXT_WAVE,NO,NO,"Business intent overlaps EliteBook. Release EliteBook first, then use GSC/query evidence to decide whether ProBook deserves a separate owner.",Reassess after W2A/W2B evidence establishes demand.
